OpportunityId,AccountId,Name,StageName,Amount
006000001,001000057,Deal 1,Prospect,49376.57
006000002,001000014,Deal 2,Qualification,39638.9
006000003,001000051,Deal 3,Closed Lost,20163.16
006000004,001000046,Deal 4,Proposal,19264.7
006000005,001000004,Deal 5,Prospecting,24469.31
006000006,001000076,Deal 6,Qualification,13600.12
006000007,001000012,Deal 7,Prospecting,10499.36
006000008,001000071,Deal 8,Closed Lost,21726.23
006000009,001000003,Deal 9,Qualification,29954.24
006000010,001000036,Deal 10,Closed Won,32696.04
006000011,001000003,Deal 11,Closed Lost,8360.1
006000012,001000065,Deal 12,Qualification,14946.41
006000013,001000071,Deal 13,Prospecting,9896.14
006000014,001000035,Deal 14,Qualification,20272.22
006000015,001000060,Deal 15,Closed Won,23161.06
006000016,001000007,Deal 16,Closed Won,11929.94
006000017,001000013,Deal 17,Prospecting,17135.18
006000018,001000069,Deal 18,Prospecting,18926.16
006000019,001000077,Deal 19,Proposal,36230.44
006000020,001000049,Deal 20,Closed Lost,3539.95
006000021,001000012,Deal 21,Closed Lost,36284.97
006000022,001000036,Deal 22,Closed Lost,6820.08
006000023,001000002,Deal 23,Qualification,25610.45
006000024,001000014,Deal 24,Closed Won,16240.52
006000025,001000009,Deal 25,Proposal,14531.81
006000026,001000024,Deal 26,Proposal,25988.73
006000027,001000049,Deal 27,Proposal,35505.35
006000028,001000070,Deal 28,Qualification,31894.03
006000029,001000017,Deal 29,Prospecting,30941.06
006000030,001000040,Deal 30,Proposal,7607.86
006000031,001000030,Deal 31,Qualification,4178.79
006000032,001000078,Deal 32,Qualification,20785.2
006000033,001000037,Deal 33,Proposal,4423.01
006000034,001000068,Deal 34,Closed Won,16627.75
006000035,001000067,Deal 35,Qualification,44676.91
006000036,001000030,Deal 36,Closed Won,33274.99
006000037,001000044,Deal 37,Proposal,11593.66
006000038,001000069,Deal 38,Prospecting,10023.18
006000039,001000042,Deal 39,Qualification,9332.88
006000040,001000030,Deal 40,Proposal,48401.07
006000041,001000066,Deal 41,Closed Won,16236.19
006000042,001000076,Deal 42,Qualification,39323.57
006000043,001000020,Deal 43,Closed Lost,31108.96
006000044,001000045,Deal 44,Qualification,23020.85
006000045,001000073,Deal 45,Prospecting,22276.14
006000046,001000008,Deal 46,Closed Lost,10931.29
006000047,001000015,Deal 47,Proposal,31979.68
006000048,001000007,Deal 48,Closed Lost,31841.21
006000049,001000072,Deal 49,Proposal,33012.42
006000050,001000039,Deal 50,Qualification,5853.29
006000051,001000013,Deal 51,Closed Lost,23864.79
006000052,001000036,Deal 52,Closed Lost,10203.11
006000053,001000062,Deal 53,Prospecting,26228.88
006000054,001000060,Deal 54,Closed Won,49494.91
006000055,001000015,Deal 55,Closed Won,5510.34
006000056,001000002,Deal 56,Proposal,19924.04
006000057,001000052,Deal 57,Prospecting,41137.64
006000058,001000001,Deal 58,Closed Won,40616.52
006000059,001000023,Deal 59,Closed Won,35184.48
006000060,001000047,Deal 60,Closed Won,13437.92
006000061,001000064,Deal 61,Proposal,43753.37
006000062,001000016,Deal 62,Qualification,9164.73
006000063,001000045,Deal 63,Prospecting,4871.37
006000064,001000033,Deal 64,Proposal,1966.49
006000065,001000021,Deal 65,Closed Won,36480.39
006000066,001000040,Deal 66,Closed Lost,37401.88
006000067,001000049,Deal 67,Proposal,39050.29
006000068,001000044,Deal 68,Closed Won,4213.85
006000069,001000030,Deal 69,Prospecting,10502.79
006000070,001000051,Deal 70,Closed Lost,19663.24
006000071,001000036,Deal 71,Closed Lost,18865.19
006000072,001000038,Deal 72,Closed Won,19289.65
006000073,001000040,Deal 73,Closed Lost,26259.47
006000074,001000018,Deal 74,Closed Lost,40801.73
006000075,001000021,Deal 75,Closed Lost,17243.96
006000076,001000041,Deal 76,Qualification,32700.27
006000077,001000043,Deal 77,Closed Won,21875.23
006000078,001000057,Deal 78,Prospecting,13204.37
006000079,001000053,Deal 79,Closed Lost,16010.86
006000080,001000003,Deal 80,Qualification,26191.26
006000081,001000065,Deal 81,Prospecting,8383.53
006000082,001000070,Deal 82,Closed Won,25103.54
006000083,001000024,Deal 83,Qualification,45406.76
006000084,001000016,Deal 84,Qualification,34603.41
006000085,001000004,Deal 85,Closed Won,5645.29
006000086,001000013,Deal 86,Prospecting,38869.81
006000087,001000073,Deal 87,Prospecting,10585.74
006000088,001000065,Deal 88,Closed Lost,27991.06
006000089,001000072,Deal 89,Closed Lost,44454.75
006000090,001000013,Deal 90,Closed Won,5231.3
006000091,001000042,Deal 91,Proposal,13524.37
006000092,001000038,Deal 92,Prospecting,22234.37
006000093,001000071,Deal 93,Closed Lost,47287.31
006000094,001000001,Deal 94,Proposal,25890.37
006000095,001000002,Deal 95,Closed Lost,29478.55
006000096,001000076,Deal 96,Closed Lost,25364.33
006000097,001000003,Deal 97,Closed Lost,35602.73
006000098,001000039,Deal 98,Proposal,8935.77
006000099,001000079,Deal 99,Closed Lost,3918.37
006000100,001000053,Deal 100,Prospecting,1841.44
006000101,001000056,Deal 101,Closed Lost,36266.85
006000102,001000042,Deal 102,Prospecting,3852.76
006000103,001000049,Deal 103,Prospecting,34923.22
006000104,001000006,Deal 104,Qualification,40707.93
006000105,001000019,Deal 105,Closed Lost,32933.08
006000106,001000037,Deal 106,Proposal,43676.09
006000107,001000031,Deal 107,Qualification,36292.14
006000108,001000059,Deal 108,Prospecting,13916.07
006000109,001000002,Deal 109,Closed Won,37653.06
006000110,001000034,Deal 110,Proposal,23857.7
006000111,001000056,Deal 111,Closed Won,37049.78
006000112,001000072,Deal 112,Closed Won,45205.35
006000113,001000020,Deal 113,Prospecting,15339.68
006000114,001000064,Deal 114,Closed Won,44817.9
006000115,001000023,Deal 115,Closed Lost,22988.36
006000116,001000068,Deal 116,Closed Won,29806.5
006000117,001000045,Deal 117,Prospecting,42362.24
006000118,001000022,Deal 118,Proposal,1686.11
006000119,001000018,Deal 119,Qualification,11974.1
006000120,001000004,Deal 120,Prospecting,48097.35
006000121,001000020,Deal 121,Proposal,28353.44
006000122,001000024,Deal 122,Proposal,47234.11
006000123,001000004,Deal 123,Proposal,17757.61
006000124,001000017,Deal 124,Proposal,16129.53
006000125,001000049,Deal 125,Closed Won,43667.2
006000126,001000055,Deal 126,Prospecting,2458.94
006000127,001000068,Deal 127,Closed Lost,32754.55
006000128,001000029,Deal 128,Closed Lost,17429.31
006000129,001000013,Deal 129,Prospecting,45063.49
006000130,001000063,Deal 130,Prospecting,39387.94
006000131,001000064,Deal 131,Closed Won,42224.71
006000132,001000057,Deal 132,Proposal,12035.71
006000133,001000042,Deal 133,Prospecting,24016.46
006000134,001000003,Deal 134,Closed Lost,17873.53
006000135,001000067,Deal 135,Proposal,8136.83
006000136,001000008,Deal 136,Closed Won,41994.17
006000137,001000073,Deal 137,Qualification,27202.81
006000138,001000022,Deal 138,Qualification,15183.8
006000139,001000022,Deal 139,Prospecting,21141.54
006000140,001000039,Deal 140,Closed Lost,38242.42
006000141,001000011,Deal 141,Closed Won,20055.82
006000142,001000018,Deal 142,Proposal,30966.97
006000143,001000025,Deal 143,Prospecting,41134.09
006000144,001000021,Deal 144,Qualification,18735.67
006000145,001000024,Deal 145,Prospecting,23291.31
006000146,001000030,Deal 146,Closed Won,20822.93
006000147,001000050,Deal 147,Proposal,31032.48
006000148,001000010,Deal 148,Closed Lost,42533.9
006000149,001000076,Deal 149,Proposal,17180.47
006000150,001000076,Deal 150,Closed Lost,27067.07
006000151,001000027,Deal 151,Closed Lost,8962.44
006000152,001000072,Deal 152,Qualification,34214.58
006000153,001000038,Deal 153,Proposal,17230.33
006000154,001000009,Deal 154,Qualification,18267.5
006000155,001000045,Deal 155,Closed Won,4365.62
006000156,001000001,Deal 156,Qualification,33657.66
006000157,001000025,Deal 157,Prospecting,30486.81
006000158,001000024,Deal 158,Proposal,40703.18
006000159,001000050,Deal 159,Closed Won,15252.98
006000160,001000015,Deal 160,Qualification,3994.53
006000161,001000037,Deal 161,Proposal,22547.87
006000162,001000023,Deal 162,Closed Won,37227.32
006000163,001000077,Deal 163,Closed Won,35216.89
006000164,001000035,Deal 164,Closed Won,21867.13
006000165,001000073,Deal 165,Qualification,37328.59
006000166,001000036,Deal 166,Closed Won,8995.08
006000167,001000055,Deal 167,Qualification,27669.88
006000168,001000015,Deal 168,Qualification,24974.01
006000169,001000067,Deal 169,Closed Lost,16830.54
006000170,001000045,Deal 170,Closed Won,29521.7
006000171,001000066,Deal 171,Qualification,17121.76
006000172,001000064,Deal 172,Proposal,1181.49
006000173,001000040,Deal 173,Prospecting,39781.45
006000174,001000008,Deal 174,Prospecting,14956.49
006000175,001000063,Deal 175,Proposal,40796.54
006000176,001000066,Deal 176,Closed Won,23679.45
006000177,001000025,Deal 177,Closed Won,14332.06
006000178,001000018,Deal 178,Closed Lost,3910.29
006000179,001000077,Deal 179,Qualification,13560.28
006000180,001000026,Deal 180,Proposal,7190.68
006000181,001000064,Deal 181,Closed Lost,17471.36
006000182,001000074,Deal 182,Proposal,5214.96
006000183,001000046,Deal 183,Proposal,21353.57
006000184,001000021,Deal 184,Prospecting,26303.85
006000185,001000072,Deal 185,Closed Won,41062.59
006000186,001000065,Deal 186,Closed Won,38697.54
006000187,001000056,Deal 187,Closed Won,35375.68
006000188,001000031,Deal 188,Proposal,23979.22
006000189,001000022,Deal 189,Qualification,32155.57
006000190,001000018,Deal 190,Proposal,27794.62
006000191,001000069,Deal 191,Closed Lost,31997.11
006000192,001000034,Deal 192,Proposal,23670.22
006000193,001000039,Deal 193,Closed Won,37520.68
006000194,001000029,Deal 194,Closed Lost,17010.62
006000195,001000009,Deal 195,Proposal,30086.18
006000196,001000009,Deal 196,Closed Won,26239.12
006000197,001000026,Deal 197,Prospecting,36863.69
006000198,001000057,Deal 198,Prospecting,25384.62
006000199,001000018,Deal 199,Closed Lost,44382.59
006000200,001000030,Deal 200,Closed Lost,11943.63
006000201,001000023,Deal 201,Prospecting,5475.66
006000202,001000064,Deal 202,Closed Won,47457.42
006000203,001000056,Deal 203,Closed Lost,22896.33
006000204,001000055,Deal 204,Closed Won,41078.21
006000205,001000028,Deal 205,Prospecting,27667.14
006000206,001000072,Deal 206,Closed Won,20035.13
006000207,001000012,Deal 207,Proposal,1838.51
006000208,001000016,Deal 208,Prospecting,8167.22
006000209,001000065,Deal 209,Proposal,46593.71
006000210,001000014,Deal 210,Closed Won,28028.9
006000211,001000069,Deal 211,Qualification,5898.41
006000212,001000030,Deal 212,Proposal,24364.31
006000213,001000029,Deal 213,Qualification,3883.74
006000214,001000024,Deal 214,Closed Lost,31831.01
006000215,001000072,Deal 215,Proposal,29477.8
006000216,001000078,Deal 216,Proposal,30111.41
006000217,001000025,Deal 217,Closed Won,14151.6
006000218,001000025,Deal 218,Prospecting,29415.44
006000219,001000054,Deal 219,Closed Lost,22018.21
006000220,001000001,Deal 220,Proposal,3922.64
006000221,001000061,Deal 221,Proposal,16004.61
006000222,001000058,Deal 222,Closed Lost,5072.05
006000223,001000034,Deal 223,Qualification,39020.7
006000224,001000030,Deal 224,Prospecting,16519.69
006000225,001000044,Deal 225,Proposal,26061.67
006000226,001000071,Deal 226,Proposal,48603.4
006000227,001000043,Deal 227,Prospecting,35018.49
006000228,001000046,Deal 228,Qualification,15118.57
006000229,001000035,Deal 229,Prospecting,12954.85
006000230,001000015,Deal 230,Closed Lost,45766.32
006000231,001000067,Deal 231,Closed Lost,25753.0
006000232,001000008,Deal 232,Prospecting,4058.35
006000233,001000047,Deal 233,Qualification,24623.74
006000234,001000027,Deal 234,Proposal,43728.65
006000235,001000004,Deal 235,Proposal,39561.01
006000236,001000004,Deal 236,Qualification,48696.91
006000237,001000007,Deal 237,Closed Lost,17532.62
006000238,001000077,Deal 238,Closed Lost,30795.19
006000239,001000051,Deal 239,Qualification,17814.83
006000240,001000056,Deal 240,Proposal,3842.46
006000241,001000017,Deal 241,Closed Won,14582.02
006000242,001000002,Deal 242,Closed Won,7321.02
006000243,001000034,Deal 243,Proposal,7655.78
006000244,001000023,Deal 244,Proposal,35179.27
006000245,001000054,Deal 245,Proposal,8444.42
006000246,001000003,Deal 246,Closed Lost,45165.8
006000247,001000063,Deal 247,Closed Lost,23931.17
006000248,001000022,Deal 248,Proposal,9870.26
006000249,001000044,Deal 249,Prospecting,32697.3
006000250,001000042,Deal 250,Closed Won,22257.31
006000251,001000074,Deal 251,Closed Won,34198.2
006000252,001000063,Deal 252,Proposal,21127.89
006000253,001000042,Deal 253,Closed Lost,9213.77
006000254,001000013,Deal 254,Qualification,44724.72
006000255,001000036,Deal 255,Closed Won,28790.75
006000256,001000076,Deal 256,Proposal,15320.95
006000257,001000050,Deal 257,Closed Won,28352.7
006000258,001000048,Deal 258,Qualification,26998.32
006000259,001000018,Deal 259,Proposal,32231.58
006000260,001000062,Deal 260,Prospecting,2896.65
006000261,001000064,Deal 261,Prospecting,21483.98
006000262,001000061,Deal 262,Proposal,39868.82
006000263,001000074,Deal 263,Proposal,42327.77
006000264,001000028,Deal 264,Proposal,5433.33
006000265,001000027,Deal 265,Prospecting,26101.67
006000266,001000030,Deal 266,Qualification,5640.23
006000267,001000002,Deal 267,Qualification,39507.27
006000268,001000073,Deal 268,Closed Lost,3598.01
006000269,001000015,Deal 269,Prospecting,4363.23
006000270,001000007,Deal 270,Qualification,19479.85
006000271,001000037,Deal 271,Qualification,39668.55
006000272,001000067,Deal 272,Qualification,18058.7
006000273,001000001,Deal 273,Qualification,21945.68
006000274,001000007,Deal 274,Qualification,34264.18
006000275,001000044,Deal 275,Proposal,32819.76
006000276,001000019,Deal 276,Proposal,16070.54
006000277,001000040,Deal 277,Proposal,38725.55
006000278,001000042,Deal 278,Closed Lost,37594.82
006000279,001000033,Deal 279,Qualification,20588.04
006000280,001000045,Deal 280,Closed Won,42866.23
006000281,001000037,Deal 281,Qualification,10806.49
006000282,001000061,Deal 282,Prospecting,34977.76
006000283,001000048,Deal 283,Prospecting,33818.8
006000284,001000041,Deal 284,Proposal,39838.46
006000285,001000066,Deal 285,Proposal,29870.72
006000286,001000018,Deal 286,Closed Lost,9466.04
006000287,001000053,Deal 287,Qualification,28247.02
006000288,001000019,Deal 288,Closed Lost,20738.21
006000289,001000003,Deal 289,Qualification,33102.08
006000290,001000009,Deal 290,Proposal,20003.85
006000291,001000005,Deal 291,Proposal,10276.12
006000292,001000065,Deal 292,Prospecting,23565.62
006000293,001000078,Deal 293,Proposal,20368.37
006000294,001000024,Deal 294,Qualification,27080.79
006000295,001000070,Deal 295,Prospecting,4384.31
006000296,001000060,Deal 296,Proposal,8664.91
006000297,001000034,Deal 297,Qualification,18935.72
006000298,001000026,Deal 298,Qualification,25515.73
006000299,001000076,Deal 299,Closed Won,7603.97
006000300,001000023,Deal 300,Closed Lost,32460.87
